<?xml version="1.0" encoding="UTF-8"?>
<project-private xmlns="http://www.netbeans.org/ns/project-private/1">
    <editor-bookmarks xmlns="http://www.netbeans.org/ns/editor-bookmarks/2" lastBookmarkId="0"/>
    <open-files xmlns="http://www.netbeans.org/ns/projectui-open-files/2">
        <group>
            <file>file:/home/bintu/NetBeansProjects/ArbolB++/src/arbolb/arbolPlusPlus/SerializadorException.java</file>
            <file>file:/home/bintu/NetBeansProjects/ArbolB++/src/arbolb/arbolPlusPlus/Elemento.java</file>
            <file>file:/home/bintu/NetBeansProjects/ArbolB++/src/arbolb/ArbolB.java</file>
            <file>file:/home/bintu/NetBeansProjects/ArbolB++/src/arbolb/arbolPlusPlus/NodoHoja.java</file>
            <file>file:/home/bintu/NetBeansProjects/ArbolB++/src/arbolb/arbolPlusPlus/NodoInterno.java</file>
            <file>file:/home/bintu/NetBeansProjects/ArbolB++/src/arbolb/arbolPlusPlus/arbolBMas.java</file>
            <file>file:/home/bintu/NetBeansProjects/ArbolB++/src/arbolb/arbolPlusPlus/Nodo.java</file>
            <file>file:/home/bintu/NetBeansProjects/ArbolB++/src/arbolb/arbolPlusPlus/DepositoArchivos.java</file>
            <file>file:/home/bintu/NetBeansProjects/ArbolB++/src/arbolb/arbolPlusPlus/TipoNodo.java</file>
            <file>file:/home/bintu/NetBeansProjects/ArbolB++/src/arbolb/arbolPlusPlus/Repositorio.java</file>
            <file>file:/home/bintu/NetBeansProjects/ArbolB++/src/arbolb/arbolPlusPlus/ArbolArchivo.java</file>
            <file>file:/home/bintu/NetBeansProjects/ArbolB++/src/arbolb/arbolPlusPlus/ArbolException.java</file>
            <file>file:/home/bintu/NetBeansProjects/ArbolB++/src/arbolb/Vehiculo.java</file>
        </group>
    </open-files>
</project-private>
